[
    {
        "name": "小寒",
        "dates": [
            {"year": 2019, "month": "01", "day": "05"},
            {"year": 2020, "month": "01", "day": "06"},
            {"year": 2021, "month": "01", "day": "05"},
            {"year": 2022, "month": "01", "day": "05"},
            {"year": 2023, "month": "01", "day": "05"},
            {"year": 2024, "month": "01", "day": "06"},
            {"year": 2025, "month": "01", "day": "05"},
            {"year": 2026, "month": "01", "day": "05"},
            {"year": 2027, "month": "01", "day": "05"},
            {"year": 2028, "month": "01", "day": "06"},
            {"year": 2029, "month": "01", "day": "05"},
            {"year": 2030, "month": "01", "day": "05"}
        ]
    },

    {
        "name": "大寒",
        "dates": [
            {"year": 2019, "month": "01", "day": "20"},
            {"year": 2020, "month": "01", "day": "20"},
            {"year": 2021, "month": "01", "day": "20"},
            {"year": 2022, "month": "01", "day": "20"},
            {"year": 2023, "month": "01", "day": "20"},
            {"year": 2024, "month": "01", "day": "20"},
            {"year": 2025, "month": "01", "day": "20"},
            {"year": 2026, "month": "01", "day": "20"},
            {"year": 2027, "month": "01", "day": "20"},
            {"year": 2028, "month": "01", "day": "20"},
            {"year": 2029, "month": "01", "day": "20"},
            {"year": 2030, "month": "01", "day": "20"}
        ]
    },

    {
        "name": "立春",
        "dates": [
            {"year": 2019, "month": "02", "day": "04"},
            {"year": 2020, "month": "02", "day": "04"},
            {"year": 2021, "month": "02", "day": "03"},
            {"year": 2022, "month": "02", "day": "04"},
            {"year": 2023, "month": "02", "day": "04"},
            {"year": 2024, "month": "02", "day": "04"},
            {"year": 2025, "month": "02", "day": "03"},
            {"year": 2026, "month": "02", "day": "04"},
            {"year": 2027, "month": "02", "day": "04"},
            {"year": 2028, "month": "02", "day": "04"},
            {"year": 2029, "month": "02", "day": "03"},
            {"year": 2030, "month": "02", "day": "04"}
        ]
    },

    {
        "name": "雨水",
        "dates": [
            {"year": 2019, "month": "02", "day": "19"},
            {"year": 2020, "month": "02", "day": "19"},
            {"year": 2021, "month": "02", "day": "18"},
            {"year": 2022, "month": "02", "day": "19"},
            {"year": 2023, "month": "02", "day": "19"},
            {"year": 2024, "month": "02", "day": "19"},
            {"year": 2025, "month": "02", "day": "18"},
            {"year": 2026, "month": "02", "day": "18"},
            {"year": 2027, "month": "02", "day": "19"},
            {"year": 2028, "month": "02", "day": "19"},
            {"year": 2029, "month": "02", "day": "18"},
            {"year": 2030, "month": "02", "day": "18"}
        ]
    },

    {
        "name": "惊蛰",
        "dates": [
            {"year": 2019, "month": "03", "day": "06"},
            {"year": 2020, "month": "03", "day": "05"},
            {"year": 2021, "month": "03", "day": "05"},
            {"year": 2022, "month": "03", "day": "05"},
            {"year": 2023, "month": "03", "day": "06"},
            {"year": 2024, "month": "03", "day": "05"},
            {"year": 2025, "month": "03", "day": "05"},
            {"year": 2026, "month": "03", "day": "05"},
            {"year": 2027, "month": "03", "day": "06"},
            {"year": 2028, "month": "03", "day": "05"},
            {"year": 2029, "month": "03", "day": "05"},
            {"year": 2030, "month": "03", "day": "05"}
        ]
    },

    {
        "name": "春分",
        "dates": [
            {"year": 2019, "month": "03", "day": "21"},
            {"year": 2020, "month": "03", "day": "20"},
            {"year": 2021, "month": "03", "day": "20"},
            {"year": 2022, "month": "03", "day": "20"},
            {"year": 2023, "month": "03", "day": "21"},
            {"year": 2024, "month": "03", "day": "20"},
            {"year": 2025, "month": "03", "day": "20"},
            {"year": 2026, "month": "03", "day": "20"},
            {"year": 2027, "month": "03", "day": "21"},
            {"year": 2028, "month": "03", "day": "20"},
            {"year": 2029, "month": "03", "day": "20"},
            {"year": 2030, "month": "03", "day": "20"}
        ]
    },

    {
        "name": "清明",
        "dates": [
            {"year": 2019, "month": "04", "day": "05"},
            {"year": 2020, "month": "04", "day": "04"},
            {"year": 2021, "month": "04", "day": "04"},
            {"year": 2022, "month": "04", "day": "05"},
            {"year": 2023, "month": "04", "day": "05"},
            {"year": 2024, "month": "04", "day": "04"},
            {"year": 2025, "month": "04", "day": "04"},
            {"year": 2026, "month": "04", "day": "05"},
            {"year": 2027, "month": "04", "day": "05"},
            {"year": 2028, "month": "04", "day": "04"},
            {"year": 2029, "month": "04", "day": "04"},
            {"year": 2030, "month": "04", "day": "05"}
        ]
    },

    {
        "name": "谷雨",
        "dates": [
            {"year": 2019, "month": "04", "day": "20"},
            {"year": 2020, "month": "04", "day": "19"},
            {"year": 2021, "month": "04", "day": "20"},
            {"year": 2022, "month": "04", "day": "20"},
            {"year": 2023, "month": "04", "day": "20"},
            {"year": 2024, "month": "04", "day": "19"},
            {"year": 2025, "month": "04", "day": "20"},
            {"year": 2026, "month": "04", "day": "20"},
            {"year": 2027, "month": "04", "day": "20"},
            {"year": 2028, "month": "04", "day": "19"},
            {"year": 2029, "month": "04", "day": "20"},
            {"year": 2030, "month": "04", "day": "20"}
        ]
    },

    {
        "name": "立夏",
        "dates": [
            {"year": 2019, "month": "05", "day": "06"},
            {"year": 2020, "month": "05", "day": "05"},
            {"year": 2021, "month": "05", "day": "05"},
            {"year": 2022, "month": "05", "day": "05"},
            {"year": 2023, "month": "05", "day": "06"},
            {"year": 2024, "month": "05", "day": "05"},
            {"year": 2025, "month": "05", "day": "05"},
            {"year": 2026, "month": "05", "day": "05"},
            {"year": 2027, "month": "05", "day": "06"},
            {"year": 2028, "month": "05", "day": "05"},
            {"year": 2029, "month": "05", "day": "05"},
            {"year": 2030, "month": "05", "day": "05"}
        ]
    },

    {
        "name": "小满",
        "dates": [
            {"year": 2019, "month": "05", "day": "21"},
            {"year": 2020, "month": "05", "day": "20"},
            {"year": 2021, "month": "05", "day": "21"},
            {"year": 2022, "month": "05", "day": "21"},
            {"year": 2023, "month": "05", "day": "21"},
            {"year": 2024, "month": "05", "day": "20"},
            {"year": 2025, "month": "05", "day": "21"},
            {"year": 2026, "month": "05", "day": "21"},
            {"year": 2027, "month": "05", "day": "21"},
            {"year": 2028, "month": "05", "day": "20"},
            {"year": 2029, "month": "05", "day": "21"},
            {"year": 2030, "month": "05", "day": "21"}
        ]
    },

    {
        "name": "芒种",
        "dates": [
            {"year": 2019, "month": "06", "day": "06"},
            {"year": 2020, "month": "06", "day": "05"},
            {"year": 2021, "month": "06", "day": "05"},
            {"year": 2022, "month": "06", "day": "06"},
            {"year": 2023, "month": "06", "day": "06"},
            {"year": 2024, "month": "06", "day": "05"},
            {"year": 2025, "month": "06", "day": "05"},
            {"year": 2026, "month": "06", "day": "05"},
            {"year": 2027, "month": "06", "day": "06"},
            {"year": 2028, "month": "06", "day": "05"},
            {"year": 2029, "month": "06", "day": "05"},
            {"year": 2030, "month": "06", "day": "05"}
        ]
    },

    {
        "name": "夏至",
        "dates": [
            {"year": 2019, "month": "06", "day": "21"},
            {"year": 2020, "month": "06", "day": "21"},
            {"year": 2021, "month": "06", "day": "21"},
            {"year": 2022, "month": "06", "day": "21"},
            {"year": 2023, "month": "06", "day": "21"},
            {"year": 2024, "month": "06", "day": "21"},
            {"year": 2025, "month": "06", "day": "21"},
            {"year": 2026, "month": "06", "day": "21"},
            {"year": 2027, "month": "06", "day": "21"},
            {"year": 2028, "month": "06", "day": "21"},
            {"year": 2029, "month": "06", "day": "21"},
            {"year": 2030, "month": "06", "day": "21"}
        ]
    },

    {
        "name": "小暑",
        "dates": [
            {"year": 2019, "month": "07", "day": "07"},
            {"year": 2020, "month": "07", "day": "06"},
            {"year": 2021, "month": "07", "day": "07"},
            {"year": 2022, "month": "07", "day": "07"},
            {"year": 2023, "month": "07", "day": "07"},
            {"year": 2024, "month": "07", "day": "06"},
            {"year": 2025, "month": "07", "day": "07"},
            {"year": 2026, "month": "07", "day": "07"},
            {"year": 2027, "month": "07", "day": "07"},
            {"year": 2028, "month": "07", "day": "06"},
            {"year": 2029, "month": "07", "day": "07"},
            {"year": 2030, "month": "07", "day": "07"}
        ]
    },

    {
        "name": "大暑",
        "dates": [
            {"year": 2019, "month": "07", "day": "23"},
            {"year": 2020, "month": "07", "day": "22"},
            {"year": 2021, "month": "07", "day": "22"},
            {"year": 2022, "month": "07", "day": "23"},
            {"year": 2023, "month": "07", "day": "23"},
            {"year": 2024, "month": "07", "day": "22"},
            {"year": 2025, "month": "07", "day": "22"},
            {"year": 2026, "month": "07", "day": "23"},
            {"year": 2027, "month": "07", "day": "23"},
            {"year": 2028, "month": "07", "day": "22"},
            {"year": 2029, "month": "07", "day": "22"},
            {"year": 2030, "month": "07", "day": "23"}
        ]
    },

    {
        "name": "立秋",
        "dates": [
            {"year": 2019, "month": "08", "day": "08"},
            {"year": 2020, "month": "08", "day": "07"},
            {"year": 2021, "month": "08", "day": "07"},
            {"year": 2022, "month": "08", "day": "07"},
            {"year": 2023, "month": "08", "day": "08"},
            {"year": 2024, "month": "08", "day": "07"},
            {"year": 2025, "month": "08", "day": "07"},
            {"year": 2026, "month": "08", "day": "07"},
            {"year": 2027, "month": "08", "day": "08"},
            {"year": 2028, "month": "08", "day": "07"},
            {"year": 2029, "month": "08", "day": "07"},
            {"year": 2030, "month": "08", "day": "07"}
        ]
    },

    {
        "name": "处暑",
        "dates": [
            {"year": 2019, "month": "08", "day": "23"},
            {"year": 2020, "month": "08", "day": "22"},
            {"year": 2021, "month": "08", "day": "23"},
            {"year": 2022, "month": "08", "day": "23"},
            {"year": 2023, "month": "08", "day": "23"},
            {"year": 2024, "month": "08", "day": "22"},
            {"year": 2025, "month": "08", "day": "23"},
            {"year": 2026, "month": "08", "day": "23"},
            {"year": 2027, "month": "08", "day": "23"},
            {"year": 2028, "month": "08", "day": "22"},
            {"year": 2029, "month": "08", "day": "23"},
            {"year": 2030, "month": "08", "day": "23"}
        ]
    },

    {
        "name": "白露",
        "dates": [
            {"year": 2018, "month": "09", "day": "08"},
            {"year": 2019, "month": "09", "day": "08"},
            {"year": 2020, "month": "09", "day": "07"},
            {"year": 2021, "month": "09", "day": "07"},
            {"year": 2022, "month": "09", "day": "07"},
            {"year": 2023, "month": "09", "day": "08"},
            {"year": 2024, "month": "09", "day": "07"},
            {"year": 2025, "month": "09", "day": "07"},
            {"year": 2026, "month": "09", "day": "07"},
            {"year": 2027, "month": "09", "day": "08"},
            {"year": 2028, "month": "09", "day": "07"},
            {"year": 2029, "month": "09", "day": "07"},
            {"year": 2030, "month": "09", "day": "07"}
        ]
    },

    {
        "name": "秋分",
        "dates": [
            {"year": 2018, "month": "09", "day": "23"},
            {"year": 2019, "month": "09", "day": "23"},
            {"year": 2020, "month": "09", "day": "22"},
            {"year": 2021, "month": "09", "day": "23"},
            {"year": 2022, "month": "09", "day": "23"},
            {"year": 2023, "month": "09", "day": "23"},
            {"year": 2024, "month": "09", "day": "22"},
            {"year": 2025, "month": "09", "day": "23"},
            {"year": 2026, "month": "09", "day": "23"},
            {"year": 2027, "month": "09", "day": "23"},
            {"year": 2028, "month": "09", "day": "22"},
            {"year": 2029, "month": "09", "day": "23"},
            {"year": 2030, "month": "09", "day": "23"}
        ]
    },

    {
        "name": "寒露",
        "dates": [
            {"year": 2018, "month": "10", "day": "08"},
            {"year": 2019, "month": "10", "day": "08"},
            {"year": 2020, "month": "10", "day": "08"},
            {"year": 2021, "month": "10", "day": "08"},
            {"year": 2022, "month": "10", "day": "08"},
            {"year": 2023, "month": "10", "day": "08"},
            {"year": 2024, "month": "10", "day": "08"},
            {"year": 2025, "month": "10", "day": "08"},
            {"year": 2026, "month": "10", "day": "08"},
            {"year": 2027, "month": "10", "day": "08"},
            {"year": 2028, "month": "10", "day": "08"},
            {"year": 2029, "month": "10", "day": "08"},
            {"year": 2030, "month": "10", "day": "08"}
        ]
    },

    {
        "name": "霜降",
        "dates": [
            {"year": 2018, "month": "10", "day": "23"},
            {"year": 2019, "month": "10", "day": "24"},
            {"year": 2020, "month": "10", "day": "23"},
            {"year": 2021, "month": "10", "day": "23"},
            {"year": 2022, "month": "10", "day": "23"},
            {"year": 2023, "month": "10", "day": "24"},
            {"year": 2024, "month": "10", "day": "23"},
            {"year": 2025, "month": "10", "day": "23"},
            {"year": 2026, "month": "10", "day": "23"},
            {"year": 2027, "month": "10", "day": "23"},
            {"year": 2028, "month": "10", "day": "23"},
            {"year": 2029, "month": "10", "day": "23"},
            {"year": 2030, "month": "10", "day": "23"}
        ]
    },

    {
        "name": "立冬",
        "dates": [
            {"year": 2018, "month": "11", "day": "07"},
            {"year": 2019, "month": "11", "day": "08"},
            {"year": 2020, "month": "11", "day": "07"},
            {"year": 2021, "month": "11", "day": "07"},
            {"year": 2022, "month": "11", "day": "07"},
            {"year": 2023, "month": "11", "day": "08"},
            {"year": 2024, "month": "11", "day": "07"},
            {"year": 2025, "month": "11", "day": "07"},
            {"year": 2026, "month": "11", "day": "07"},
            {"year": 2027, "month": "11", "day": "07"},
            {"year": 2028, "month": "11", "day": "07"},
            {"year": 2029, "month": "11", "day": "07"},
            {"year": 2030, "month": "11", "day": "07"}
        ]
    },

    {
        "name": "小雪",
        "dates": [
            {"year": 2018, "month": "11", "day": "22"},
            {"year": 2019, "month": "11", "day": "22"},
            {"year": 2020, "month": "11", "day": "22"},
            {"year": 2021, "month": "11", "day": "22"},
            {"year": 2022, "month": "11", "day": "22"},
            {"year": 2023, "month": "11", "day": "22"},
            {"year": 2024, "month": "11", "day": "22"},
            {"year": 2025, "month": "11", "day": "22"},
            {"year": 2026, "month": "11", "day": "22"},
            {"year": 2027, "month": "11", "day": "22"},
            {"year": 2028, "month": "11", "day": "22"},
            {"year": 2029, "month": "11", "day": "22"},
            {"year": 2030, "month": "11", "day": "22"}
        ]
    },

    {
        "name": "大雪",
        "dates": [
            {"year": 2018, "month": "12", "day": "07"},
            {"year": 2019, "month": "12", "day": "07"},
            {"year": 2020, "month": "12", "day": "07"},
            {"year": 2021, "month": "12", "day": "07"},
            {"year": 2022, "month": "12", "day": "07"},
            {"year": 2023, "month": "12", "day": "07"},
            {"year": 2024, "month": "12", "day": "06"},
            {"year": 2025, "month": "12", "day": "07"},
            {"year": 2026, "month": "12", "day": "07"},
            {"year": 2027, "month": "12", "day": "07"},
            {"year": 2028, "month": "12", "day": "06"},
            {"year": 2029, "month": "12", "day": "07"},
            {"year": 2030, "month": "12", "day": "07"}
        ]
    },

    {
        "name": "冬至",
        "dates": [
            {"year": 2018, "month": "12", "day": "22"},
            {"year": 2019, "month": "12", "day": "22"},
            {"year": 2020, "month": "12", "day": "21"},
            {"year": 2021, "month": "12", "day": "21"},
            {"year": 2022, "month": "12", "day": "22"},
            {"year": 2023, "month": "12", "day": "22"},
            {"year": 2024, "month": "12", "day": "21"},
            {"year": 2025, "month": "12", "day": "21"},
            {"year": 2026, "month": "12", "day": "22"},
            {"year": 2027, "month": "12", "day": "22"},
            {"year": 2028, "month": "12", "day": "21"},
            {"year": 2029, "month": "12", "day": "21"},
            {"year": 2030, "month": "12", "day": "22"}
        ]
    }
]